"","site_code","plot","block","trt","Ntrt_fac","Ptrt_fac","Ktrt_fac","narea_mean","chi_mean","tmp_mean","lma_mean","par_per_leaf_area_mean","lai_mean","p_pet_mean","live_mass_mean"
"1","bldr.us",6,1,"K","0","0","1",6.63098304373402,0.706233037096727,10.5985678854875,295.521603406897,439.819976648197,0.122141025367824,0.380796687397111,59
"2","bldr.us",11,2,"N","1","0","0",2.05581300360344,0.745928555515084,10.5985678854875,48.2675567204126,388.181046817226,0.638042097000779,0.380796687397111,161
"3","bldr.us",14,2,"P","0","1","0",3.14853861719155,0.731985282535229,10.5985678854875,69.7458693008907,426.838141867851,0.243838997453621,0.380796687397111,174
"4","bldr.us",16,2,"PK","0","1","1",0.542344324812074,0.715808097030577,10.5985678854875,82.473818686258,430.839194712276,0.205806440536943,0.380796687397111,228.5
"5","bldr.us",17,2,"NPK","1","1","1",7.21898459346333,0.747932847941805,10.5985678854875,212.409471083424,366.927099239302,0.878428698021063,0.380796687397111,135
"6","bldr.us",18,2,"NK","1","0","1",4.10099420966279,0.788968714310246,10.5985678854875,79.5048195210018,408.066624911954,0.428922271082904,0.380796687397111,117
"7","bnch.us",1,1,"NK","1","0","1",2.8396146583148,0.70480737711356,8.37928758245723,100.754832298137,NA,NA,1.58400338180986,256.9
"8","bnch.us",2,1,"K","0","0","1",1.73095805612929,0.756506613979026,8.37928758245723,72.1776897724159,NA,NA,1.58400338180986,211.900005
"9","bnch.us",3,1,"PK","0","1","1",2.02253035414323,0.73748917423122,8.37928758245723,96.1328642763673,NA,NA,1.58400338180986,274.500005
"10","bnch.us",4,1,"N","1","0","0",3.21834293997406,0.750708410971398,8.37928758245723,92.2982828956268,NA,NA,1.58400338180986,98.85
"11","bnch.us",5,1,"NPK","1","1","1",2.65037873360263,0.74646640111,8.37928758245723,71.8546512797024,NA,NA,1.58400338180986,224.3
"12","bnch.us",6,1,"NP","1","1","0",15.0286608177444,0.78592740040445,8.37928758245723,403.647698841266,NA,NA,1.58400338180986,188.149995
"13","bnch.us",7,1,"Control","0","0","0",2.92487217855583,0.741701004110896,8.37928758245723,93.3260582951447,NA,NA,1.58400338180986,96.45
"14","bnch.us",8,1,"P","0","1","0",3.32703169417668,0.727929528004342,8.37928758245723,93.5025219151314,NA,NA,1.58400338180986,113.55
"15","bnch.us",11,2,"PK","0","1","1",2.56628974553497,0.72910646597783,8.37928758245723,65.1605663443554,NA,NA,1.58400338180986,172.649995
"16","bnch.us",12,2,"P","0","1","0",2.64291775098677,0.7995751258819,8.37928758245723,68.4466252621429,NA,NA,1.58400338180986,148.15
"17","bnch.us",14,2,"K","0","0","1",2.32637513464915,0.721632635197052,8.37928758245723,77.0549324489298,NA,NA,1.58400338180986,113
"18","bnch.us",15,2,"N","1","0","0",2.8884398936643,0.758792253608223,8.37928758245723,82.0177196121669,NA,NA,1.58400338180986,213.15
"19","bnch.us",16,2,"NP","1","1","0",3.5500666506244,0.77868617869216,8.37928758245723,83.0860711863838,NA,NA,1.58400338180986,106.099995
"20","bnch.us",17,2,"NPK","1","1","1",3.01891147058563,0.726315631217517,8.37928758245723,76.0257915615942,NA,NA,1.58400338180986,174.250005
"21","bnch.us",18,2,"NK","1","0","1",2.92250746769693,0.752183560734774,8.37928758245723,78.6512993989796,NA,NA,1.58400338180986,262.099995
"22","bnch.us",20,2,"Control","0","0","0",3.05703288107371,0.696221004045483,8.37928758245723,75.63364752136,NA,NA,1.58400338180986,190.35
"23","bnch.us",21,3,"N","1","0","0",2.95669845521034,0.727929902975982,8.37928758245723,74.2123435586005,NA,NA,1.58400338180986,192.65
"24","bnch.us",22,3,"NP","1","1","0",2.85421715994704,0.710861980760346,8.37928758245723,72.8883411395382,NA,NA,1.58400338180986,199.800005
"25","bnch.us",23,3,"PK","0","1","1",11.019710202977,0.719522878564368,8.37928758245723,220.670457760327,NA,NA,1.58400338180986,279.050005
"26","bnch.us",24,3,"NPK","1","1","1",2.3310861422222,0.734205965078738,8.37928758245723,71.3572490224153,NA,NA,1.58400338180986,371.899985
"27","bnch.us",25,3,"Control","0","0","0",37.4760363327838,0.742055334458918,8.37928758245723,759.626316999701,NA,NA,1.58400338180986,140.45
"28","bnch.us",27,3,"P","0","1","0",15.941689373795,0.704824947814771,8.37928758245723,312.797395950467,NA,NA,1.58400338180986,235.25
"29","bnch.us",29,3,"NK","1","0","1",2.40085882138632,0.684166218686255,8.37928758245723,68.0766214454156,NA,NA,1.58400338180986,277.149995
"30","bnch.us",30,3,"K","0","0","1",42.9041912604452,0.715450069230458,8.37928758245723,731.54821418501,NA,NA,1.58400338180986,197.3
"31","bogong.au",1,1,"N","1","0","0",3.7754022340112,0.677140003247957,10.4958333333333,215.167414104668,358.573628614067,0.781635278612477,1.43071724029596,729.6
"32","bogong.au",2,1,"PK","0","1","1",4.39722751737383,0.702419481297426,10.4958333333333,244.133304631402,392.439103866391,0.401951375204413,1.43071724029596,675.9
"33","bogong.au",3,1,"Control","0","0","0",2.66286707135463,0.755246641376681,10.4958333333333,172.503286382414,368.505845220989,0.665349404633574,1.43071724029596,408.2
"34","bogong.au",5,1,"NPK","1","1","1",2.44824904309887,0.719239805081934,10.4958333333333,126.554784396185,363.120520811535,0.727857832642028,1.43071724029596,906.15
"35","bogong.au",6,1,"NK","1","0","1",2.40210970029763,0.734918381524668,10.4958333333333,111.154894171291,340.655188711713,1.0031021585025,1.43071724029596,806.3
"36","bogong.au",7,1,"K","0","0","1",4.31364105760764,0.655375915269582,10.4958333333333,185.200151592773,338.01648365995,1.03708283247677,1.43071724029596,656.05
"37","bogong.au",8,1,"NP","1","1","0",3.026560448555,0.73671243557436,10.4958333333333,130.517323125257,329.304517478786,1.15195529006365,1.43071724029596,677.55
"38","bogong.au",10,1,"P","0","1","0",2.57664380791836,0.747018314929678,10.4958333333333,138.306288778756,375.482723488026,0.586205390250226,1.43071724029596,616.3
"39","bogong.au",11,2,"Control","0","0","0",3.0576851335165,0.750034709330833,10.4958333333333,167.777196029409,381.9501834716,0.514614951525048,1.43071724029596,469.55
"40","bogong.au",12,2,"PK","0","1","1",1.98818054518778,0.765352887625248,10.4958333333333,98.3097906799346,342.481052256513,0.979802799232219,1.43071724029596,840.45
"41","bogong.au",13,2,"P","0","1","0",3.6980682402958,0.743305122741035,10.4958333333333,140.620514003678,379.557794839063,0.54090300988072,1.43071724029596,661.15
"42","bogong.au",14,2,"NP","1","1","0",3.17227876163803,0.756763090964632,10.4958333333333,144.137938970543,340.709860478073,1.00240198514716,1.43071724029596,690.1
"43","bogong.au",15,2,"NPK","1","1","1",3.71375064384833,0.761244961022162,10.4958333333333,137.456214686843,364.685307605225,0.709564473793633,1.43071724029596,656.65
"44","bogong.au",18,2,"NK","1","0","1",2.88412541149023,0.739806938813157,10.4958333333333,139.007742059278,318.031530835995,1.30707914192826,1.43071724029596,1202.2
"45","bogong.au",19,2,"N","1","0","0",3.0882378891076,0.722149019774302,10.4958333333333,154.005158778418,339.139979720052,1.02256968353805,1.43071724029596,743.95
"46","bogong.au",20,2,"K","0","0","1",3.72626366064825,0.718254073967794,10.4958333333333,201.008564318674,394.181382170662,0.383632997267537,1.43071724029596,410.15
"47","bogong.au",21,3,"Control","0","0","0",3.48452060747645,0.744831641408655,10.4958333333333,154.513396092936,354.257683140916,0.83355800146973,1.43071724029596,744.1
"48","bogong.au",22,3,"N","1","0","0",5.12162040080221,0.729881054503351,10.4958333333333,211.72758865786,344.651443288815,0.952330641563479,1.43071724029596,437.9
"49","bogong.au",23,3,"NPK","1","1","1",3.22407920619175,0.765090995188341,10.4958333333333,141.257943041032,325.923528961148,1.19768751943715,1.43071724029596,844.75
"50","bogong.au",24,3,"K","0","0","1",3.62353851965929,0.718875787348844,10.4958333333333,230.403816472515,365.150948178376,0.704141652730239,1.43071724029596,897.85
"51","bogong.au",25,3,"NP","1","1","0",2.56461332924088,0.794658533790725,10.4958333333333,101.311471253285,362.585780398147,0.734134156863292,1.43071724029596,844
"52","bogong.au",27,3,"P","0","1","0",3.05535700970375,0.719301894644409,10.4958333333333,162.725433325548,422.238926561924,0.102903150704444,1.43071724029596,614.75
"53","bogong.au",29,3,"PK","0","1","1",2.41179889876743,0.716907148814508,10.4958333333333,154.924716684141,390.383966800615,0.42370145776112,1.43071724029596,575.55
"54","bogong.au",30,3,"NK","1","0","1",2.90399678634664,0.762879707841781,10.4958333333333,160.545728690585,321.694393562383,1.25583842855608,1.43071724029596,1303.55
"55","burrawan.au",1,1,"Control","0","0","0",0.368506801245429,0.829649144207929,19.0066964285714,9.80037616762992,414.128883624158,0.818555926353676,0.686925970048011,501.05
"56","burrawan.au",2,1,"NK","1","0","1",0.293539456595814,0.836275589849022,19.0066964285714,9.25013017595557,357.721174891902,1.46545492432112,0.686925970048011,617.85
"57","burrawan.au",3,1,"NPK","1","1","1",0.285375733273582,0.846635108240628,19.0066964285714,8.52747714209752,380.819528364847,1.18435963979987,0.686925970048011,213.65
"58","burrawan.au",4,1,"N","1","0","0",0.189678943962773,0.851428902609325,19.0066964285714,6.88737743257451,276.383109755592,2.7096002846502,0.686925970048011,597.75
"59","burrawan.au",6,1,"NP","1","1","0",0.404120120128259,0.775375597377755,19.0066964285714,10.5442823206217,323.463625957966,1.93363205730201,0.686925970048011,247
"60","burrawan.au",8,1,"P","0","1","0",0.378010576200366,0.787874063865464,19.0066964285714,10.7174726130129,426.95154902973,0.688431469405322,0.686925970048011,208.6
"61","burrawan.au",9,1,"PK","0","1","1",0.55053896056997,0.822979356909789,19.0066964285714,18.7788996885911,402.388731939981,0.942668931871694,0.686925970048011,319.25
"62","burrawan.au",10,1,"K","0","0","1",0.329029594255463,0.816841724590689,19.0066964285714,10.656868238438,409.032819875831,0.871823962205979,0.686925970048011,217.1
"63","burrawan.au",11,2,"NP","1","1","0",0.182813842153387,0.844587536094109,19.0066964285714,5.87485918236279,375.923936623791,1.24189585738078,0.686925970048011,296
"64","burrawan.au",13,2,"K","0","0","1",0.210196364893465,0.810568893918204,19.0066964285714,6.85050672002088,373.555218301439,1.2701141160804,0.686925970048011,287.6
"65","burrawan.au",15,2,"P","0","1","0",0.222694898518153,0.759660231812293,19.0066964285714,11.4114270353702,380.783059350062,1.18478440352977,0.686925970048011,148.35
"66","burrawan.au",16,2,"NPK","1","1","1",0.166067616578426,0.868941916146941,19.0066964285714,5.30482796385872,314.371215492895,2.07006977433855,0.686925970048011,618.95
"67","burrawan.au",17,2,"N","1","0","0",0.291658075067013,0.823408672425983,19.0066964285714,8.10793917259731,298.614691493925,2.32070743261948,0.686925970048011,546.25
"68","burrawan.au",18,2,"NK","1","0","1",0.28464893410288,0.832688218781069,19.0066964285714,8.28345240393899,359.814678662031,1.438931973868,0.686925970048011,419.2
"69","burrawan.au",19,2,"PK","0","1","1",0.212730553942408,0.815078675661137,19.0066964285714,6.80077723168362,425.564004047462,0.702251380948935,0.686925970048011,481.6
"70","burrawan.au",20,2,"Control","0","0","0",0.211847987012585,0.832977892747637,19.0066964285714,7.81524131551246,353.015417042626,1.52588616022101,0.686925970048011,232.3
"71","burrawan.au",21,3,"N","1","0","0",0.271983696986183,0.818071294637306,19.0066964285714,10.7252738826642,381.725493257449,1.17382591802697,0.686925970048011,190.05
"72","burrawan.au",22,3,"NK","1","0","1",0.204933703690698,0.858675318107079,19.0066964285714,6.53639180301136,417.926100550658,0.779449439647261,0.686925970048011,189.25
"73","burrawan.au",23,3,"P","0","1","0",0.392731033704717,0.757707497173294,19.0066964285714,9.62439503015203,423.072014485499,0.727227632983557,0.686925970048011,208.15
"74","burrawan.au",24,3,"Control","0","0","0",0.29749843912603,0.872337196218697,19.0066964285714,10.4703355109526,412.881109062008,0.831514589611804,0.686925970048011,125.15
"75","burrawan.au",25,3,"NP","1","1","0",0.267571392290582,0.804379488357739,19.0066964285714,8.66560692365435,489.214497787816,0.124830775436334,0.686925970048011,180.05
"76","burrawan.au",26,3,"PK","0","1","1",0.643990036989433,0.830927589002801,19.0066964285714,20.1653446598904,368.393784806983,1.33248392664537,0.686925970048011,626.85
"77","burrawan.au",28,3,"NPK","1","1","1",0.241911903166979,0.817558712741749,19.0066964285714,9.88542903833618,395.41553648427,1.01879102548789,0.686925970048011,228.8
"78","burrawan.au",29,3,"K","0","0","1",0.350528703435083,0.785367100827902,19.0066964285714,13.113030821687,377.466012515129,1.22365933039856,0.686925970048011,400.85
"79","cbgb.us",1,1,"Control","0","0","0",1.39099578465894,0.715892114951012,14.6225117243867,81.7552071574146,305.599672777015,1.35086436050907,0.519770346878235,97.35
"80","cbgb.us",3,1,"NP","1","1","0",5.13219693263046,0.734426628954326,14.6225117243867,188.103056083229,291.720119468452,1.56221754176126,0.519770346878235,159.1
"81","cbgb.us",4,1,"NPK","1","1","1",2.72501475333696,0.750235082758972,14.6225117243867,93.0890048626257,360.993063607542,0.625051018428677,0.519770346878235,322.35
"82","cbgb.us",6,1,"NK","1","0","1",2.47380630381826,0.786196492965641,14.6225117243867,105.668779153544,214.537001243499,3.07738139691211,0.519770346878235,173.55
"83","cbgb.us",9,1,"P","0","1","0",1.73456517997159,0.744467232458495,14.6225117243867,81.0802766880078,288.778073829033,1.60886250434699,0.519770346878235,612.35
"84","cbgb.us",10,1,"K","0","0","1",2.02360200385824,0.725086153941196,14.6225117243867,133.753107795341,270.180897693946,1.92034536826409,0.519770346878235,70.15
"85","cbgb.us",11,1,"N","1","0","0",2.84059805631299,0.762912937884825,14.6225117243867,112.537205921324,311.751219302903,1.2614862409399,0.519770346878235,684.65
"86","cbgb.us",12,1,"PK","0","1","1",1.8287841617478,0.807929394969519,14.6225117243867,129.346863339173,227.917383620442,2.7610265490391,0.519770346878235,286.5
"87","cbgb.us",13,2,"P","0","1","0",2.21871973739917,0.763275566313373,14.6225117243867,109.459830520691,289.507500506599,1.59723466263503,0.519770346878235,657.95
"88","cbgb.us",14,2,"NK","1","0","1",2.44510301738529,0.735169019461786,14.6225117243867,83.5587578288487,239.726043232432,2.50419325763858,0.519770346878235,436.9
"89","cbgb.us",16,2,"N","1","0","0",2.96280863205672,0.729616008639174,14.6225117243867,94.247503862551,237.598128294943,2.54906281877617,0.519770346878235,188.15
"90","cbgb.us",19,2,"NPK","1","1","1",2.27453552085331,0.731673623649684,14.6225117243867,87.5118407787694,247.424273907782,2.34668038681432,0.519770346878235,675.55
"91","cbgb.us",20,2,"PK","0","1","1",1.81314248715543,0.778920444471963,14.6225117243867,122.658766285739,257.808032736166,2.1453203155577,0.519770346878235,186.25
"92","cbgb.us",21,2,"NP","1","1","0",3.47529417938453,0.721124416939175,14.6225117243867,116.644542765003,232.8859974719,2.6505897043157,0.519770346878235,410.1
"93","cbgb.us",22,2,"K","0","0","1",2.61833507102287,0.806916278691214,14.6225117243867,119.067022562407,258.37601392058,2.13465003562662,0.519770346878235,429.25
"94","cbgb.us",24,2,"Control","0","0","0",2.23475035772649,0.782829102566101,14.6225117243867,112.331156677742,347.100112055929,0.791860274145815,0.519770346878235,447.1
"95","cbgb.us",25,3,"NP","1","1","0",1.94209025278099,0.806643165197775,14.6225117243867,66.2769513424422,283.798740761999,1.68937642254975,0.519770346878235,627.35
"96","cbgb.us",27,3,"PK","0","1","1",1.50329904102612,0.69975244891456,14.6225117243867,119.527864933513,318.258475531638,1.16960220369286,0.519770346878235,343.85
"97","cbgb.us",28,3,"NPK","1","1","1",1.7793549051372,0.741956146941068,14.6225117243867,91.2354580905583,186.168965285985,3.86030599501605,0.519770346878235,888.6
"98","cbgb.us",29,3,"N","1","0","0",3.19596653454143,0.755338689631885,14.6225117243867,119.572819972041,209.367299080611,3.20776778162052,0.519770346878235,674.55
"99","cbgb.us",30,3,"NK","1","0","1",1.51570683815959,0.757556027282498,14.6225117243867,74.2541395020207,305.443168900263,1.35317133121646,0.519770346878235,342.7
"100","cbgb.us",32,3,"P","0","1","0",1.43799859938842,0.769651946891158,14.6225117243867,86.826096926572,318.193674609264,1.17050417959859,0.519770346878235,411.4
"101","cbgb.us",33,3,"Control","0","0","0",1.36298924010706,0.7211375612823,14.6225117243867,107.578018175492,232.952134584537,2.64914353061163,0.519770346878235,741.35
"102","cbgb.us",35,3,"K","0","0","1",1.56702092861028,0.89376945693881,14.6225117243867,91.2956609981425,300.64895019126,1.42466177165577,0.519770346878235,158.7
"103","comp.pt",1,1,"PK","0","1","1",1.62867306614151,0.78504285716229,16.6529761904762,61.1679029508671,258.606086103663,1.96097467226134,0.388200328026015,525.145
"104","comp.pt",2,1,"K","0","0","1",1.21465453104294,0.810714963352693,16.6529761904762,58.606211398988,323.478552319799,0.943748134866967,0.388200328026015,257.35
"105","comp.pt",3,1,"NPK","1","1","1",1.18824801613582,0.817528887474003,16.6529761904762,55.0580527260172,180.016174731238,3.8509062943673,0.388200328026015,809.9
"106","comp.pt",5,1,"Control","0","0","0",1.0253946825372,0.765475112833294,16.6529761904762,51.6436885134038,296.577020883681,1.32712814542236,0.388200328026015,275.335
"107","comp.pt",6,1,"NK","1","0","1",1.15059854738972,0.806571886373435,16.6529761904762,52.6710046941984,322.190914942358,0.961072082172931,0.388200328026015,458.5215
"108","comp.pt",8,1,"P","0","1","0",1.15429818656014,0.76813092949544,16.6529761904762,59.7929753645709,200.315101473616,3.25604873501273,0.388200328026015,197.175
"109","comp.pt",9,1,"NP","1","1","0",1.37069548380881,0.783946335386476,16.6529761904762,54.955355465483,240.542530961186,2.3119300082407,0.388200328026015,704.65
"110","comp.pt",11,1,"N","1","0","0",1.59448512996089,0.800524464871874,16.6529761904762,68.744110332985,296.994723571463,1.32080597325996,0.388200328026015,569
"111","comp.pt",15,2,"NK","1","0","1",1.21745488401037,0.808547272613714,16.6529761904762,45.6698834440406,284.860603619748,1.50976496876902,0.388200328026015,852.1
"112","comp.pt",16,2,"NPK","1","1","1",1.04186740321247,0.795321678439983,16.6529761904762,48.5949942589905,229.838018665207,2.5387797743124,0.388200328026015,834.975
"113","comp.pt",17,2,"NP","1","1","0",1.26322770428626,0.797591176301002,16.6529761904762,43.8806627270855,200.43453646719,3.25282705071426,0.388200328026015,854.85
"114","comp.pt",19,2,"Control","0","0","0",0.932883545962819,0.79275622125583,16.6529761904762,49.7837228044741,349.188807416979,0.616615828356276,0.388200328026015,318.2
"115","comp.pt",20,2,"P","0","1","0",1.01299490017378,0.780744466097364,16.6529761904762,60.0146551314725,351.847855258357,0.584675150585161,0.388200328026015,250.3655
"116","comp.pt",21,2,"N","1","0","0",1.42844293851962,0.772459928278031,16.6529761904762,63.7352114398389,342.926956093295,0.693167311365447,0.388200328026015,511.62
"117","comp.pt",23,2,"K","0","0","1",1.19065660012948,0.78229313586172,16.6529761904762,68.1689957500309,330.020429307195,0.857187624311338,0.388200328026015,305.4615
"118","comp.pt",24,2,"PK","0","1","1",1.58515567629856,0.786082646287472,16.6529761904762,42.5438764555131,236.236705668054,2.40134737185793,0.388200328026015,881.55
"119","comp.pt",25,3,"P","0","1","0",0.937779866635287,0.779984370099251,16.6529761904762,59.0357949322209,329.712685156534,0.861206214588714,0.388200328026015,233.7
"120","comp.pt",29,3,"NPK","1","1","1",1.12664682434979,0.793584906694509,16.6529761904762,44.2347516249173,174.722898713306,4.02359459112956,0.388200328026015,1113.1
"121","comp.pt",30,3,"N","1","0","0",1.26943985389765,0.796020986636121,16.6529761904762,67.0763924688822,267.464736348336,1.80162751631937,0.388200328026015,369.65
"122","comp.pt",31,3,"NP","1","1","0",1.75397064035421,0.789399849031456,16.6529761904762,120.581373521462,249.37017149718,2.13577281549275,0.388200328026015,918.3
"123","comp.pt",32,3,"PK","0","1","1",1.50799571105644,0.780198529828487,16.6529761904762,44.2699683058058,298.584690847957,1.29685517280081,0.388200328026015,471.337
"124","comp.pt",34,3,"Control","0","0","0",0.796275118941002,0.790562568700765,16.6529761904762,52.6917557170075,367.288521851258,0.405495088935244,0.388200328026015,287.2915
"125","comp.pt",35,3,"NK","1","0","1",1.01999812710297,0.78319899654938,16.6529761904762,45.7312913784498,342.91469825415,0.693319040882689,0.388200328026015,436.9155
"126","comp.pt",36,3,"K","0","0","1",1.11655191036171,0.793865249181504,16.6529761904762,54.3171980178408,327.603816846547,0.888884609255406,0.388200328026015,384.55
"127","cowi.ca",1,1,"NPK","1","1","1",2.66362890542697,0.85554207994893,9.58410443722944,66.4170177651273,129.941404636552,3.88128201312772,3.90583364466866,1186.2
"128","cowi.ca",2,1,"N","1","0","0",2.17942742981109,0.834749430977972,9.58410443722944,65.4916577168975,155.307985365063,2.90439517758629,3.90583364466866,1220.9
"129","cowi.ca",3,1,"Control","0","0","0",1.83597824736904,0.864547800569612,9.58410443722944,72.6418631898499,152.190808908534,3.01081563758822,3.90583364466866,818.6
"130","cowi.ca",4,1,"K","0","0","1",2.72971274507686,0.828040019050453,9.58410443722944,70.1138675686794,152.41766682166,3.00295944110688,3.90583364466866,928
"131","cowi.ca",5,1,"P","0","1","0",2.79758371034947,0.818896245255859,9.58410443722944,66.9397852864746,175.184942950645,2.29409645151323,3.90583364466866,1014.3
"132","cowi.ca",7,1,"PK","0","1","1",3.04475287245806,0.828766867791003,9.58410443722944,72.3157889762955,133.857897304223,3.7118692764954,3.90583364466866,888.2
"133","cowi.ca",9,1,"NP","1","1","0",3.1431893573631,0.802215039558508,9.58410443722944,66.8625799222397,116.623662266474,4.5237459312186,3.90583364466866,913.3
"134","cowi.ca",10,2,"Control","0","0","0",7.96740347506869,0.818320445094555,9.58410443722944,206.386991567351,182.363571800728,2.09832827437958,3.90583364466866,580.6
"135","cowi.ca",11,2,"P","0","1","0",3.41578396697157,0.778819542926352,9.58410443722944,77.1713567781442,199.83771883241,1.66541848759946,3.90583364466866,1395.4
"136","cowi.ca",12,1,"NK","1","0","1",3.15226363434603,0.79776187894876,9.58410443722944,62.6565017430036,164.355830624558,2.61293514851822,3.90583364466866,822.4
"137","cowi.ca",13,2,"NK","1","0","1",3.79447830324926,0.802288519249064,9.58410443722944,72.3380684080953,183.413429960114,2.0706420970259,3.90583364466866,1205.9
"138","cowi.ca",14,2,"K","0","0","1",3.3759252336809,0.794715614438471,9.58410443722944,79.3565251265187,179.362492047627,2.17877231911073,3.90583364466866,616.6
"139","cowi.ca",15,2,"PK","0","1","1",3.2264550425893,0.81060409672509,9.58410443722944,76.3755805681287,171.205671349442,2.40777761694214,3.90583364466866,656.3
"140","cowi.ca",16,2,"NP","1","1","0",2.69135602214543,0.858273933958723,9.58410443722944,60.8639932934635,110.555788614768,4.85724676979985,3.90583364466866,1215.4
"141","cowi.ca",19,2,"NPK","1","1","1",2.34927118553501,0.817503425229059,9.58410443722944,50.508423340132,161.667628611148,2.69696768757026,3.90583364466866,1301.3
"142","cowi.ca",20,2,"N","1","0","0",2.35742188014815,0.83167288913564,9.58410443722944,55.7863668734892,130.647811001873,3.85013598669199,3.90583364466866,788.6
"143","cowi.ca",21,3,"N","1","0","0",2.28786961079521,0.818990208517325,9.58410443722944,60.914428073674,170.517868390781,2.42782343669437,3.90583364466866,1104.2
"144","cowi.ca",22,3,"NK","1","0","1",3.03065334440191,0.837272181088865,9.58410443722944,75.99320645619,157.923753127934,2.81755623536759,3.90583364466866,1109.3
"145","cowi.ca",24,3,"NP","1","1","0",2.47991755142509,0.829599323029695,9.58410443722944,63.797060265245,149.910575200582,3.09078321232489,3.90583364466866,1252.4
"146","cowi.ca",25,3,"Control","0","0","0",2.25547856219549,0.812556807577294,9.58410443722944,54.6554539350898,150.937827099029,3.05452995880928,3.90583364466866,876
"147","cowi.ca",26,3,"NPK","1","1","1",2.55150225587781,0.775142108866193,9.58410443722944,70.8342062680089,198.863354150113,1.6881024111305,3.90583364466866,1351.4
"148","cowi.ca",27,3,"PK","0","1","1",2.39155893008904,0.806268361911288,9.58410443722944,87.3933523803731,152.462862403431,3.0013964188466,3.90583364466866,1354.8
"149","cowi.ca",29,3,"K","0","0","1",2.97842348012118,0.764453831503374,9.58410443722944,61.2270687315762,173.905217680678,2.33023689544678,3.90583364466866,858.9
"150","cowi.ca",30,3,"P","0","1","0",3.75717067334959,0.784120518170572,9.58410443722944,60.9708724909484,172.71033000247,2.36433742990748,3.90583364466866,1064.4
"151","elliot.us",1,1,"P","0","1","0",1.39460633109773,0.768209548707987,17.3848214285714,52.2123509352956,347.716558239702,1.05866099563945,0.325688917501385,250.55
"152","elliot.us",2,1,"PK","0","1","1",1.47973898542796,0.783558223938903,17.3848214285714,51.1306948120873,363.317117366531,0.867850251887686,0.325688917501385,220.6
"153","elliot.us",3,1,"N","1","0","0",1.38831633204603,0.777606495351186,17.3848214285714,49.3112327679041,285.909561301379,1.95252470982416,0.325688917501385,156.6
"154","elliot.us",5,1,"NK","1","0","1",1.38497705398892,0.746669719274845,17.3848214285714,51.8334336878091,258.560655603585,2.44269644200828,0.325688917501385,233.25
"155","elliot.us",6,1,"Control","0","0","0",1.27929147508275,0.773445691627979,17.3848214285714,46.8814873201017,357.348343481641,0.939486564915315,0.325688917501385,220
"156","elliot.us",8,1,"NP","1","1","0",1.73762785497859,0.77076884071269,17.3848214285714,60.5146781016448,287.307596333512,1.92931722472799,0.325688917501385,450.9
"157","elliot.us",9,1,"NPK","1","1","1",1.49660249793827,0.737225518379902,17.3848214285714,51.8739440774433,309.69740635417,1.57852814993561,0.325688917501385,506.55
"158","elliot.us",10,1,"K","0","0","1",1.31932764216011,0.770731974025826,17.3848214285714,55.191001803621,327.146400016179,1.3293540031266,0.325688917501385,293.7
"159","elliot.us",11,2,"NP","1","1","0",1.34308661740848,0.797879924242222,17.3848214285714,51.181287770549,237.416614033853,2.8776212538651,0.325688917501385,469.95
"160","elliot.us",12,2,"N","1","0","0",1.60155961451068,0.785715731920535,17.3848214285714,55.0757525666843,301.966730191598,1.69541290467466,0.325688917501385,355.3
"161","elliot.us",14,2,"NK","1","0","1",1.88639248708758,0.775070100692947,17.3848214285714,59.4111284109999,199.261566203659,3.83385254693481,0.325688917501385,448.3
"162","elliot.us",16,2,"Control","0","0","0",2.03597057603213,0.770512996972339,17.3848214285714,72.9757009933228,371.022927193211,0.777737776733606,0.325688917501385,249.1
"163","elliot.us",17,2,"P","0","1","0",1.38345255047047,0.786695720338419,17.3848214285714,56.8313138695818,338.561900977815,1.1762801298587,0.325688917501385,384.25
"164","elliot.us",18,2,"NPK","1","1","1",2.01488086647399,0.776849030120763,17.3848214285714,68.9041567933056,319.400400178,1.43758213743192,0.325688917501385,236.65
"165","elliot.us",19,2,"PK","0","1","1",1.54492158669516,0.786332899685811,17.3848214285714,57.9875471278502,315.650655289346,1.49131991491749,0.325688917501385,283.9
"166","elliot.us",20,2,"K","0","0","1",1.52047842523119,0.781082578377091,17.3848214285714,54.1756618603912,316.590553400476,1.4777653377602,0.325688917501385,151.9
"167","elliot.us",22,3,"K","0","0","1",1.36460328873651,0.778743601914948,17.3848214285714,52.586690275593,247.344867401188,2.66647194311344,0.325688917501385,244.9
"168","elliot.us",23,3,"P","0","1","0",1.50930123332123,0.752828781622386,17.3848214285714,58.3754736741328,248.199636810082,2.64888835357899,0.325688917501385,182.25
"169","elliot.us",24,3,"N","1","0","0",1.4287290516458,0.795269018857156,17.3848214285714,53.0164422132498,231.92406934068,3.00025212743294,0.325688917501385,643.9
"170","elliot.us",25,3,"PK","0","1","1",1.46224212661516,0.786703457101033,17.3848214285714,50.5543208062568,271.469229510156,2.20231406032204,0.325688917501385,460.95
"171","elliot.us",26,3,"NK","1","0","1",1.45116096156659,0.793390546649846,17.3848214285714,63.9526948406922,280.280600691988,2.04766024483872,0.325688917501385,513.95
"172","elliot.us",27,3,"NP","1","1","0",1.95469735009431,0.743608072838415,17.3848214285714,68.2799099062665,234.337342118477,2.94583523396939,0.325688917501385,375.1
"173","elliot.us",28,3,"NPK","1","1","1",1.6050369148217,0.779426442311818,17.3848214285714,49.9080892382793,248.730955170036,2.63800411781205,0.325688917501385,208.1
"174","elliot.us",29,3,"Control","0","0","0",1.41119682641078,0.787887576320435,17.3848214285714,45.1607435225804,295.197571864635,1.8013411265569,0.325688917501385,467.3
"175","frue.ch",1,1,"N","1","0","0",1.90359946220184,0.733622375766871,9.92046446608947,68.162368572134,NA,NA,1.58263016519541,1370.87
"176","frue.ch",2,1,"NK","1","0","1",2.39750886315889,0.703821996471546,9.92046446608947,102.434806672701,NA,NA,1.58263016519541,1468.21
"177","frue.ch",3,1,"PK","0","1","1",1.27458824755946,0.714003245245283,9.92046446608947,66.8508122736229,NA,NA,1.58263016519541,931.67
"178","frue.ch",4,1,"NP","1","1","0",2.90552102653433,0.704137376020222,9.92046446608947,102.865797087039,NA,NA,1.58263016519541,1441.63
"179","frue.ch",6,1,"P","0","1","0",1.28965867522571,0.686049404635485,9.92046446608947,68.2914054604899,NA,NA,1.58263016519541,1056.56
"180","frue.ch",7,1,"K","0","0","1",1.99945516032599,0.710706619012183,9.92046446608947,119.728247471433,NA,NA,1.58263016519541,1082.16
"181","frue.ch",8,1,"NPK","1","1","1",1.25466037594529,0.677828212363899,9.92046446608947,46.6269908413297,NA,NA,1.58263016519541,1624.26
"182","frue.ch",10,1,"Control","0","0","0",3.5616712435507,0.676952646589819,9.92046446608947,148.090044484343,NA,NA,1.58263016519541,1070.48
"183","frue.ch",11,2,"N","1","0","0",4.15820291424281,0.685737962208632,9.92046446608947,143.263358556075,NA,NA,1.58263016519541,1424.89
"184","frue.ch",12,2,"NPK","1","1","1",24.8361797882341,0.735543085750457,9.92046446608947,568.793732949934,NA,NA,1.58263016519541,1277.09
"185","frue.ch",13,2,"K","0","0","1",2.62978452184899,0.749943333715013,9.92046446608947,95.3651630811724,NA,NA,1.58263016519541,1281.49
"186","frue.ch",14,2,"P","0","1","0",8.9918070962496,0.726853455404474,9.92046446608947,255.063488988064,NA,NA,1.58263016519541,1073.38
"187","frue.ch",15,2,"NP","1","1","0",2.80757057002982,0.723907935666994,9.92046446608947,104.575839506576,NA,NA,1.58263016519541,1631.78
"188","frue.ch",17,2,"Control","0","0","0",5.86101533127565,0.702722222853601,9.92046446608947,199.376951354731,NA,NA,1.58263016519541,1274.88
"189","frue.ch",18,2,"NK","1","0","1",11.1451377435068,0.705052141759879,9.92046446608947,520.038082737073,NA,NA,1.58263016519541,1106.03
"190","frue.ch",19,2,"PK","0","1","1",5.63911114078093,0.739717013517532,9.92046446608947,169.024997762447,NA,NA,1.58263016519541,997.4
"191","frue.ch",21,3,"NK","1","0","1",4.17195866535866,0.740127401573297,9.92046446608947,149.240571125462,NA,NA,1.58263016519541,1339.11
"192","frue.ch",23,3,"K","0","0","1",7.86180904598918,0.736096390235173,9.92046446608947,244.514400531928,NA,NA,1.58263016519541,1015.52
"193","frue.ch",24,3,"PK","0","1","1",8.84235594964292,0.714108919079807,9.92046446608947,387.248885603844,NA,NA,1.58263016519541,1265.9
"194","frue.ch",25,3,"NPK","1","1","1",7.2373384905115,0.737706965104549,9.92046446608947,239.261581020934,NA,NA,1.58263016519541,1626.22
"195","frue.ch",26,3,"N","1","0","0",11.3490893463648,0.702709535646328,9.92046446608947,389.558947649818,NA,NA,1.58263016519541,1061.17
"196","frue.ch",27,3,"Control","0","0","0",4.83074624685114,0.739948931812972,9.92046446608947,179.661594515408,NA,NA,1.58263016519541,1033.47
"197","frue.ch",28,3,"P","0","1","0",0.49574638469046,0.718064694715285,9.92046446608947,25.9688802199792,NA,NA,1.58263016519541,1060.44
"198","frue.ch",29,3,"NP","1","1","0",1.61132822525786,0.752489764262375,9.92046446608947,40.8731196606981,NA,NA,1.58263016519541,1086.69
"199","gilb.za",1,1,"NPK","1","1","1",28.2330556794065,0.732930835314858,16.1139880952381,889.553642016196,259.890528873205,2.39771098544413,0.579737964558459,349.375
"200","gilb.za",2,1,"NP","1","1","0",34.2732429858003,0.71418716179345,16.1139880952381,1032.01998410355,280.844742744191,2.01928364093813,0.579737964558459,458.875
"201","gilb.za",3,1,"N","1","0","0",29.5515758859386,0.734714052697497,16.1139880952381,1927.11135018827,312.376494617455,1.52112827826893,0.579737964558459,379.225
"202","gilb.za",5,1,"PK","0","1","1",35.9029715883854,0.691138911193773,16.1139880952381,2234.61195361285,343.565105810489,1.0942790681627,0.579737964558459,198.425
"203","gilb.za",7,1,"NK","1","0","1",29.3141149621611,0.684764656257224,16.1139880952381,2228.28947368421,354.529263889622,0.956934948581456,0.579737964558459,289.075
"204","gilb.za",9,1,"K","0","0","1",32.1090500424077,0.71368273772294,16.1139880952381,1588.65080227693,385.241779702703,0.601600068374272,0.579737964558459,188.925
"205","gilb.za",10,1,"P","0","1","0",25.3731924934035,0.679573828733595,16.1139880952381,1088.10894058523,336.221081334266,1.18974620923583,0.579737964558459,293.525
"206","gilb.za",11,2,"NPK","1","1","1",29.0947339347986,0.682280573059186,16.1139880952381,2027.47252747253,246.32769365953,2.66759114299514,0.579737964558459,430.4
"207","gilb.za",16,2,"N","1","0","0",26.79490996442,0.747300645719867,16.1139880952381,1059.94746500666,351.883695118867,0.989528746823872,0.579737964558459,454.475
"208","gilb.za",17,2,"P","0","1","0",28.6334720159344,0.746801008777847,16.1139880952381,914.382708359287,345.174294914205,1.07374138748768,0.579737964558459,419.225
"209","gilb.za",19,2,"PK","0","1","1",30.3260904902002,0.707172211567602,16.1139880952381,875.034616449737,343.639589259037,1.09332549068273,0.579737964558459,358.025
"210","gilb.za",20,2,"NK","1","0","1",29.8119772626244,0.654949414363856,16.1139880952381,2001.40812015959,330.559945619966,1.2653562412872,0.579737964558459,290.425
"211","hopl.us",1,1,"K","0","0","1",0.293304605547666,0.817985727639283,12.9949404761905,15.4711355108001,191.291641752959,3.48254154220954,1.08143411612212,194.95
"212","hopl.us",2,1,"NPK","1","1","1",0.275451448952443,0.797398359504409,12.9949404761905,14.1213160392537,252.111678355968,2.06045509726702,1.08143411612212,478.85
"213","hopl.us",3,1,"NK","1","0","1",0.57563581410082,0.75210539659912,12.9949404761905,21.6716377095729,253.836155590498,2.02770360830525,1.08143411612212,428.65
"214","hopl.us",4,1,"NP","1","1","0",1.73536636298655,0.813608733311947,12.9949404761905,74.0392466112953,252.749874814442,2.04829644920852,1.08143411612212,278.85
"215","hopl.us",5,1,"PK","0","1","1",0.479251173113842,0.770217883148282,12.9949404761905,18.8378906418468,169.580444546745,4.17184108981694,1.08143411612212,365.85
"216","hopl.us",6,1,"N","1","0","0",0.471527603579291,0.769641847748955,12.9949404761905,17.9128366051594,225.700284421835,2.60704613093743,1.08143411612212,97.3
"217","hopl.us",8,1,"Control","0","0","0",0.456412682938661,0.790157892168018,12.9949404761905,19.6012471849423,228.661280769147,2.54115130196421,1.08143411612212,251.85
"218","hopl.us",9,1,"P","0","1","0",0.358342473014333,0.775022201131676,12.9949404761905,14.4226639348282,215.317979877026,2.84871772107133,1.08143411612212,297.3
"219","hopl.us",11,2,"NP","1","1","0",1.60185884392439,0.815727835794708,12.9949404761905,72.7644358427838,214.699624668038,2.86366355568697,1.08143411612212,221.5
"220","hopl.us",12,2,"NK","1","0","1",1.0981058796066,0.781733974837982,12.9949404761905,50.0040752575212,279.71548070407,1.57192752656975,1.08143411612212,214.9
"221","hopl.us",14,2,"P","0","1","0",0.532247817516394,0.756920211160733,12.9949404761905,22.5873406006315,208.653188830227,3.01332201579234,1.08143411612212,231.7
"222","hopl.us",15,2,"PK","0","1","1",0.742084160901971,0.7692176105144,12.9949404761905,26.5145717343983,226.169458697711,2.59651926738723,1.08143411612212,315.15
"223","hopl.us",16,2,"NPK","1","1","1",0.462869105511518,0.800693966099436,12.9949404761905,18.1321310994039,257.068890822443,1.96717100537279,1.08143411612212,483.05
"224","hopl.us",17,2,"N","1","0","0",1.63103512098133,0.740047383220013,12.9949404761905,65.4158720685359,202.021606039305,3.18523574954223,1.08143411612212,256.05
"225","hopl.us",18,2,"K","0","0","1",0.419401770207139,0.771190884508465,12.9949404761905,21.1795725634804,232.536244670421,2.45681109139498,1.08143411612212,271.75
"226","hopl.us",19,2,"Control","0","0","0",2.26856416406135,0.773665800335227,12.9949404761905,84.649185037788,255.027355462462,2.00526875707892,1.08143411612212,206.2
"227","hopl.us",21,3,"Control","0","0","0",1.33755227512107,0.804140039237449,12.9949404761905,63.4001719886274,291.448406085446,1.3847117249342,1.08143411612212,182.75
"228","hopl.us",22,3,"K","0","0","1",1.91669221275858,0.740369224511708,12.9949404761905,66.9618413888797,240.79803016301,2.28375378558205,1.08143411612212,218.5
"229","hopl.us",23,3,"NPK","1","1","1",1.70836451665934,0.80914577961329,12.9949404761905,76.5837586261205,270.771179773756,1.72233827629841,1.08143411612212,251.2
"230","hopl.us",24,3,"NK","1","0","1",1.53519248705522,0.798672260126102,12.9949404761905,87.6459904382731,252.721253153621,2.04884077836068,1.08143411612212,229.5
"231","hopl.us",26,3,"P","0","1","0",2.53556744892682,0.780994623979031,12.9949404761905,75.4766470132171,255.780931953088,1.99115458118705,1.08143411612212,179.65
"232","hopl.us",28,3,"PK","0","1","1",2.77550188452037,0.775634467317935,12.9949404761905,75.8130077240055,231.032209754832,2.48929734624533,1.08143411612212,277.7
"233","hopl.us",29,3,"N","1","0","0",2.61761800324652,0.788763614887809,12.9949404761905,84.0475762735969,259.23968749968,1.92713996658534,1.08143411612212,173.6
"234","hopl.us",30,3,"NP","1","1","0",1.68489874964513,0.787047496121982,12.9949404761905,81.7506248118112,288.209211945238,1.43531428082594,1.08143411612212,203.85
"235","kiny.au",2,1,"P","0","1","0",45.7643818464085,0.743538098257051,15.5421130952381,1756.5838237161,NA,NA,0.424630234985407,158.5
"236","kiny.au",3,1,"NPK","1","1","1",23.6773541325447,0.706367022283604,15.5421130952381,873.257769016698,NA,NA,0.424630234985407,175.5
"237","kiny.au",4,1,"PK","0","1","1",68.6109374626603,0.802174554484905,15.5421130952381,2960.50343334826,NA,NA,0.424630234985407,250.2
"238","kiny.au",5,1,"NP","1","1","0",22.69871188417,0.748371928883496,15.5421130952381,346.153846153846,NA,NA,0.424630234985407,NA
"239","kiny.au",7,1,"K","0","0","1",33.0433315392487,0.733972206126121,15.5421130952381,1365.65930501129,NA,NA,0.424630234985407,202.3
"240","kiny.au",8,1,"Control","0","0","0",27.8267472957201,0.721365911860619,15.5421130952381,790.964769553879,NA,NA,0.424630234985407,287.3
"241","kiny.au",9,1,"NK","1","0","1",23.6416027223657,0.719924689136112,15.5421130952381,758.938546788297,NA,NA,0.424630234985407,283.9
"242","kiny.au",10,1,"N","1","0","0",27.0601816128356,0.716387512385754,15.5421130952381,730.068974166863,NA,NA,0.424630234985407,252.3
"243","kiny.au",11,2,"K","0","0","1",20.1709316187667,0.747405130358188,15.5421130952381,860.043622127074,NA,NA,0.424630234985407,184.5
"244","kiny.au",12,2,"NPK","1","1","1",14.977310646656,0.773037274942366,15.5421130952381,489.832903920274,NA,NA,0.424630234985407,255.1
"245","kiny.au",13,2,"P","0","1","0",19.3766095160461,0.716264937514823,15.5421130952381,668.937125748503,NA,NA,0.424630234985407,255.7
"246","kiny.au",14,2,"NK","1","0","1",20.2819406250903,0.764016435442361,15.5421130952381,479.73365863967,NA,NA,0.424630234985407,302.9
"247","kiny.au",15,2,"N","1","0","0",16.0923066539357,0.730257020005779,15.5421130952381,664.499919643417,NA,NA,0.424630234985407,403.8
"248","kiny.au",17,2,"Control","0","0","0",32.484164742536,0.76399661555777,15.5421130952381,1637.44637641475,NA,NA,0.424630234985407,246.9
"249","kiny.au",19,2,"NP","1","1","0",42.0681901864104,0.718332047338333,15.5421130952381,1468.98907103825,NA,NA,0.424630234985407,368.4
"250","kiny.au",20,2,"PK","0","1","1",11.4468464525764,0.677109229999234,15.5421130952381,325.381414701803,NA,NA,0.424630234985407,210
"251","kiny.au",22,3,"P","0","1","0",14.9659858462562,0.676268753939626,15.5421130952381,331.069958847737,NA,NA,0.424630234985407,317.5
"252","kiny.au",23,3,"NPK","1","1","1",31.0263390670294,0.756993679911145,15.5421130952381,1207.82190434364,NA,NA,0.424630234985407,205.4
"253","kiny.au",24,3,"N","1","0","0",14.3147237323242,0.717164590802825,15.5421130952381,412.806900179537,NA,NA,0.424630234985407,280
"254","kiny.au",25,3,"NP","1","1","0",21.9418522367684,0.714306466258727,15.5421130952381,769.573239045749,NA,NA,0.424630234985407,243
"255","kiny.au",26,3,"K","0","0","1",19.8996537878744,0.665807385092649,15.5421130952381,731.09351498175,NA,NA,0.424630234985407,258.4
"256","kiny.au",27,3,"NK","1","0","1",9.07829889548681,0.747851378616954,15.5421130952381,304.483282674772,NA,NA,0.424630234985407,245.8
"257","kiny.au",28,3,"Control","0","0","0",14.6320266015846,0.787412956597127,15.5421130952381,544.498528212221,NA,NA,0.424630234985407,225
"258","kiny.au",29,3,"PK","0","1","1",16.5890489319012,0.80779121134027,15.5421130952381,657.107843137255,NA,NA,0.424630234985407,262.1
"259","konz.us",6,1,"PK","0","1","1",1.08967122943023,0.717408475896363,15.4537621753247,80.7353267297457,NA,NA,0.663577080137736,483.9
"260","konz.us",12,2,"PK","0","1","1",1.17701843761093,0.833599824333255,15.4537621753247,80.6846697257656,NA,NA,0.663577080137736,400.2
"261","konz.us",16,2,"NPK","1","1","1",1.85785426262583,0.685757141991819,15.4537621753247,97.4865526041019,NA,NA,0.663577080137736,943.2
"262","konz.us",17,2,"K","0","0","1",1.51072693695945,0.823169110252702,15.4537621753247,94.7272494724052,NA,NA,0.663577080137736,520
"263","konz.us",18,2,"Control","0","0","0",1.53596654543642,0.701912891763029,15.4537621753247,110.572890813549,NA,NA,0.663577080137736,620.4
"264","konz.us",21,3,"Control","0","0","0",1.98599014669425,0.786785359801795,15.4537621753247,101.396594604936,NA,NA,0.663577080137736,359.3
"265","konz.us",26,3,"PK","0","1","1",1.29103634225853,0.797382148408833,15.4537621753247,74.5078599073057,NA,NA,0.663577080137736,308.2
"266","konz.us",28,3,"NP","1","1","0",1.56096856141164,0.7309627805568,15.4537621753247,112.242052030099,NA,NA,0.663577080137736,798.2
"267","lancaster.uk",1,1,"NPK","1","1","1",1.90517853409166,0.794920208836306,9.08863636363636,39.0245743876196,220.316456970885,0.473789682226778,1.82056412063394,189.55
"268","lancaster.uk",2,1,"PK","0","1","1",1.91176074116172,0.837465219438212,9.08863636363636,44.335190251505,200.722265028854,0.868383094829509,1.82056412063394,231.2
"269","lancaster.uk",3,1,"Control","0","0","0",1.97686694590368,0.801443728779803,9.08863636363636,38.6510626658026,233.848178359163,0.228181509760797,1.82056412063394,91.4
"270","lancaster.uk",4,1,"NK","1","0","1",2.61959462210051,0.80116189089862,9.08863636363636,139.016961954485,235.178648914182,0.205071040492428,1.82056412063394,99.15
"271","lancaster.uk",6,1,"N","1","0","0",1.82970573127212,0.776021249095123,9.08863636363636,39.6352580580078,207.145704656454,0.733397191000675,1.82056412063394,225.25
"272","lancaster.uk",7,1,"NP","1","1","0",2.08612868119226,0.780876491607051,9.08863636363636,44.5429184160351,243.06125611209,0.0716606615352283,1.82056412063394,189.3
"273","lancaster.uk",8,1,"P","0","1","0",1.7548903703267,0.815867780616343,9.08863636363636,43.1302108940194,226.945710271485,0.35098910361639,1.82056412063394,306.6
"274","lancaster.uk",9,1,"K","0","0","1",2.09482900697926,0.810885469456472,9.08863636363636,43.6514510554414,229.770497657561,0.300129303688243,1.82056412063394,223.2
"275","lancaster.uk",11,2,"NK","1","0","1",2.05723965494857,0.775764988092412,9.08863636363636,40.1600638017021,242.952372400151,0.0734638390948043,1.82056412063394,248.75
"276","lancaster.uk",12,2,"N","1","0","0",1.91668940946585,0.770457363208789,9.08863636363636,46.3319559196591,241.61444692132,0.0957092985073839,1.82056412063394,338.45
"277","lancaster.uk",13,2,"K","0","0","1",1.54580057124722,0.829218750845653,9.08863636363636,35.6383345282003,246.327165647667,0.0180719044734611,1.82056412063394,169.45
"278","lancaster.uk",14,2,"Control","0","0","0",1.76887785107137,0.785874928234465,9.08863636363636,37.3564909117568,122.354120609013,3.24706846595233,1.82056412063394,178.55
"279","lancaster.uk",15,2,"P","0","1","0",1.7074483684918,0.858280875677061,9.08863636363636,43.6968412224548,236.353561239157,0.184808360822442,1.82056412063394,277.8
"280","lancaster.uk",16,2,"NP","1","1","0",2.01955218314953,0.787384571364963,9.08863636363636,45.7213316499895,219.945703090476,0.480805435061525,1.82056412063394,324.3
"281","lancaster.uk",17,2,"NPK","1","1","1",1.95758338790355,0.828766490815145,9.08863636363636,50.3075693228779,245.705404215647,0.0282007111691778,1.82056412063394,276.85
"282","lancaster.uk",18,2,"PK","0","1","1",1.85063337822248,0.801517330364207,9.08863636363636,40.8018633395646,215.9752436893,0.556962475195793,1.82056412063394,134.3
"283","lancaster.uk",19,3,"K","0","0","1",1.59154009339876,0.841764223264216,9.08863636363636,41.9426694153594,223.188753734965,0.419975754240138,1.82056412063394,177.1
"284","lancaster.uk",20,3,"N","1","0","0",2.57881116635656,0.773195094918093,9.08863636363636,54.7028508291175,232.266091026383,0.255894073639939,1.82056412063394,182
"285","lancaster.uk",21,3,"Control","0","0","0",1.94873482293768,0.7950576189469,9.08863636363636,41.2840243955751,240.443700909557,0.115310800099073,1.82056412063394,98.15
"286","lancaster.uk",22,3,"P","0","1","0",1.87315140978511,0.781023280861978,9.08863636363636,46.0499054245988,211.975881329633,0.63563096862098,1.82056412063394,249.6
"287","lancaster.uk",23,3,"NP","1","1","0",2.47656170324245,0.793380410217525,9.08863636363636,41.6199401377047,224.892206663599,0.388502807036896,1.82056412063394,285.45
"288","lancaster.uk",24,3,"PK","0","1","1",1.91902175129695,0.830128513545549,9.08863636363636,46.4675494281989,241.312156208577,0.10075827565257,1.82056412063394,278.65
"289","lancaster.uk",25,3,"NK","1","0","1",2.48282363189973,0.775236362535671,9.08863636363636,48.1761651186342,234.952940812986,0.208979217679582,1.82056412063394,125.15
"290","lancaster.uk",26,3,"NPK","1","1","1",3.26217820755108,0.772059255935787,9.08863636363636,83.8247477776319,NA,NA,1.82056412063394,205.9
"291","look.us",1,1,"NP","1","1","0",14.8085185318809,0.674658622137886,8.98170003607504,218.139032626029,NA,NA,2.01776880182005,125.15
"292","look.us",2,1,"PK","0","1","1",14.4325936616371,0.691132958160197,8.98170003607504,239.846784195837,NA,NA,2.01776880182005,204.649995
"293","look.us",3,1,"P","0","1","0",14.9299030520796,0.705466139194467,8.98170003607504,273.098924784252,NA,NA,2.01776880182005,112.7
"294","look.us",4,1,"NPK","1","1","1",1.49159492363468,0.716862326105266,8.98170003607504,36.180658871301,NA,NA,2.01776880182005,139.400005
"295","look.us",5,1,"N","1","0","0",1.48300257599109,0.701011241140454,8.98170003607504,28.8569328312241,NA,NA,2.01776880182005,133.35
"296","look.us",6,1,"K","0","0","1",1.21137178454816,0.734997360973068,8.98170003607504,29.9164871937342,NA,NA,2.01776880182005,92.45
"297","look.us",7,1,"Control","0","0","0",2.19342767639568,0.703243290299515,8.98170003607504,50.9370751361823,NA,NA,2.01776880182005,31.8
"298","look.us",10,1,"NK","1","0","1",14.5496757051006,0.688409615013731,8.98170003607504,232.668419919326,NA,NA,2.01776880182005,166.55
"299","look.us",12,2,"K","0","0","1",2.14753301820521,0.707972902103503,8.98170003607504,44.7968300157139,NA,NA,2.01776880182005,81.6
"300","look.us",13,2,"NK","1","0","1",1.40870163613195,0.721316577187781,8.98170003607504,27.9208690631783,NA,NA,2.01776880182005,183.399995
"301","look.us",14,2,"P","0","1","0",1.10128592259565,0.756043398075274,8.98170003607504,24.9078316092509,NA,NA,2.01776880182005,45.9
"302","look.us",15,2,"NP","1","1","0",18.1717568507881,0.734153112464592,8.98170003607504,317.467917206238,NA,NA,2.01776880182005,28.6
"303","look.us",16,2,"PK","0","1","1",11.1478732407284,0.690012553255468,8.98170003607504,219.080221818498,NA,NA,2.01776880182005,133.5
"304","look.us",17,2,"Control","0","0","0",1.23959900389647,0.707453210373708,8.98170003607504,26.3222023536695,NA,NA,2.01776880182005,22.8
"305","look.us",19,2,"NPK","1","1","1",1.32090356890418,0.71909878090829,8.98170003607504,25.5991312975567,NA,NA,2.01776880182005,109.3
"306","look.us",20,2,"N","1","0","0",1.42587340745793,0.713785291768809,8.98170003607504,26.8873408548092,NA,NA,2.01776880182005,83.9
"307","look.us",21,3,"P","0","1","0",1.67722187363858,0.715058402651766,8.98170003607504,32.9196298761115,NA,NA,2.01776880182005,270.800005
"308","look.us",22,3,"NP","1","1","0",1.53936756249764,0.726872187603768,8.98170003607504,29.0719483800297,NA,NA,2.01776880182005,10.6
"309","look.us",24,3,"K","0","0","1",1.41174192335881,0.721802627829285,8.98170003607504,27.6590917808361,NA,NA,2.01776880182005,85.35
"310","look.us",26,3,"Control","0","0","0",22.1814357995501,0.70615277179511,8.98170003607504,419.821544211656,NA,NA,2.01776880182005,104.15
"311","look.us",27,3,"PK","0","1","1",30.0707555934986,0.714652284248904,8.98170003607504,696.036327494201,NA,NA,2.01776880182005,147.750005
"312","look.us",28,3,"NPK","1","1","1",34.7813109273764,0.726843681332263,8.98170003607504,648.678314208268,NA,NA,2.01776880182005,149.15
"313","look.us",29,3,"N","1","0","0",1.42463991753098,0.757212735968,8.98170003607504,28.5237834142023,NA,NA,2.01776880182005,148.9
"314","look.us",30,3,"NK","1","0","1",14.2754830568602,0.727944585972325,8.98170003607504,229.476239862503,NA,NA,2.01776880182005,172.7
"315","mcla.us",1,1,"NP","1","1","0",3.39301852107765,0.697404404335144,14.2050595238095,116.009171721241,347.400684084772,0.970009187308924,0.810557419904597,281.65
"316","mcla.us",2,1,"PK","0","1","1",3.22843059449374,0.68307404230271,14.2050595238095,106.485538942198,301.807118372558,1.59970866039916,0.810557419904597,242.2
"317","mcla.us",3,1,"P","0","1","0",2.12649414938979,0.718830434426437,14.2050595238095,68.3808452085629,300.198476292707,1.62436239022544,0.810557419904597,218.25
"318","mcla.us",4,1,"NK","1","0","1",2.32393053119334,0.694480321922422,14.2050595238095,67.0263969607228,250.865336199495,2.4877579184167,0.810557419904597,533.6
"319","mcla.us",5,1,"NPK","1","1","1",3.66593233967591,0.679776907861311,14.2050595238095,107.832748558419,222.083733672278,3.11767554726785,0.810557419904597,411.5
"320","mcla.us",7,1,"N","1","0","0",3.76742620749836,0.677122186177767,14.2050595238095,93.0576535155549,260.069225228715,2.30867144900415,0.810557419904597,472.25
"321","mcla.us",8,1,"K","0","0","1",2.54682698926687,0.751980980861226,14.2050595238095,94.376698140618,364.19237958504,0.766518543176642,0.810557419904597,252.9
"322","mcla.us",9,1,"Control","0","0","0",2.44057664877154,0.706038942510707,14.2050595238095,88.2196411228123,271.435087713621,2.09999370354643,0.810557419904597,187.15
"323","mcla.us",11,2,"P","0","1","0",1.80790753206375,0.690202488925779,14.2050595238095,61.7533655119622,278.823685255375,1.97106651067147,0.810557419904597,196.85
"324","mcla.us",13,2,"N","1","0","0",2.25203911494256,0.661659377311123,14.2050595238095,87.2900331564278,253.694624797642,2.43168378403119,0.810557419904597,433.4
"325","mcla.us",14,2,"NPK","1","1","1",2.67933161730512,0.685895777708166,14.2050595238095,84.5414086545996,243.63426621305,2.63544669999448,0.810557419904597,418.2
"326","mcla.us",15,2,"NK","1","0","1",2.3259629434121,0.708263293279119,14.2050595238095,87.3431317465782,263.390644241012,2.24632507576555,0.810557419904597,184.85
"327","mcla.us",16,2,"Control","0","0","0",1.70618649928554,0.713927196760942,14.2050595238095,88.2698812911816,350.489658626454,0.931565076162874,0.810557419904597,230.3
"328","mcla.us",17,2,"PK","0","1","1",2.4050983200648,0.681330126997321,14.2050595238095,94.6732320811517,329.012801660225,1.20914277278595,0.810557419904597,111.05
"329","mcla.us",18,2,"NP","1","1","0",2.60381195549071,0.658378984283258,14.2050595238095,79.6131128913656,340.424417383811,1.05860897270149,0.810557419904597,305.05
"330","mcla.us",19,2,"K","0","0","1",1.89136707267539,0.681566196403473,14.2050595238095,75.2921996405729,324.500055130352,1.27070749052129,0.810557419904597,367.25
"331","mcla.us",21,3,"P","0","1","0",4.16590259938368,0.692758296101477,14.2050595238095,124.26964487551,274.511141544445,2.04570433067246,0.810557419904597,164.15
"332","mcla.us",22,3,"Control","0","0","0",3.0917115889695,0.678699546528484,14.2050595238095,92.8027356461648,204.052975201395,3.57960891994355,0.810557419904597,123
"333","mcla.us",23,3,"N","1","0","0",3.48929132127318,0.672530744079254,14.2050595238095,91.9897946385862,274.441438416193,2.04692468928588,0.810557419904597,318
"334","mcla.us",24,3,"NPK","1","1","1",2.96463611187686,0.690320438748626,14.2050595238095,92.1572319446231,311.9040479601,1.44913358460219,0.810557419904597,554.9
"335","mcla.us",25,3,"K","0","0","1",3.13750211068541,0.696952678257419,14.2050595238095,100.237314371462,326.389667110109,1.24478299702994,0.810557419904597,218.6
"336","mcla.us",27,3,"NP","1","1","0",2.7784557421298,0.679964949985984,14.2050595238095,81.7181035512907,228.336589004011,2.97068750763924,0.810557419904597,601.7
"337","mcla.us",29,3,"PK","0","1","1",3.39088377603297,0.693833921983797,14.2050595238095,110.664343073064,306.136964183929,1.53427213531187,0.810557419904597,567.45
"338","mcla.us",30,3,"NK","1","0","1",4.60912489279542,0.680836722041228,14.2050595238095,131.841177478675,257.067423887069,2.36603635807221,0.810557419904597,282.75
"339","mtca.au",1,1,"N","1","0","0",0.376756114195588,0.745860278441444,17.5818452380952,11.5633161693039,451.579830027521,0.281141076305988,0.168123360210288,93.25
"340","mtca.au",2,1,"NPK","1","1","1",0.29143606531464,0.77949669739184,17.5818452380952,11.2325223034975,392.431900635856,0.870962370877212,0.168123360210288,197.25
"341","mtca.au",3,1,"NP","1","1","0",0.331261102936618,0.764132417790745,17.5818452380952,15.2838672995736,434.377356740282,0.441314005264692,0.168123360210288,159.1
"342","mtca.au",4,1,"PK","0","1","1",0.426800199193578,0.739759219548318,17.5818452380952,16.5961272020039,459.206753774584,0.212740324507372,0.168123360210288,132.4
"343","mtca.au",6,1,"P","0","1","0",0.343161754556732,0.752595738918839,17.5818452380952,11.8463037282999,460.774338652253,0.198871035460212,0.168123360210288,185.25
"344","mtca.au",7,1,"K","0","0","1",0.714388737310613,0.658896725900946,17.5818452380952,27.4287486412295,478.807688167114,0.0437405390364032,0.168123360210288,40.5
"345","mtca.au",8,1,"Control","0","0","0",1.44248848252599,0.729501833737501,17.5818452380952,37.332005973121,466.619820877239,0.147706602207466,0.168123360210288,147.55
"346","mtca.au",10,1,"NK","1","0","1",0.952949948643454,0.746701130911595,17.5818452380952,20.6837591144909,461.901397536259,0.188938467275449,0.168123360210288,203.2
"347","mtca.au",11,2,"P","0","1","0",0.446412392156683,0.710010760507076,17.5818452380952,14.908090427643,470.065932851693,0.117944679992361,0.168123360210288,210.635
"348","mtca.au",12,2,"K","0","0","1",0.703537621501072,0.742133993869901,17.5818452380952,34.9332157743909,466.449428158867,0.149185821632651,0.168123360210288,159.15
"349","mtca.au",13,2,"N","1","0","0",0.953637302545877,0.731220356760412,17.5818452380952,28.7965999121065,471.192994560181,0.108274344417324,0.168123360210288,175.5
"350","mtca.au",14,2,"NK","1","0","1",0.791078763305295,0.760929421858801,17.5818452380952,25.7165383204792,459.050289820973,0.214128142433231,0.168123360210288,169.85
"351","mtca.au",15,2,"PK","0","1","1",0.488867744793244,0.716770630070421,17.5818452380952,16.0890072073521,483.270696714646,0.00655095083518142,0.168123360210288,291.9
"352","mtca.au",16,2,"Control","0","0","0",0.575817160529751,0.7474749623506,17.5818452380952,24.5548126720047,483.227096853755,0.00691204287385853,0.168123360210288,232.9
"353","mtca.au",17,2,"NP","1","1","0",0.636763578491582,0.65188836442152,17.5818452380952,19.3044424840263,459.931530973181,0.206319918918822,0.168123360210288,288.1
"354","mtca.au",19,2,"NPK","1","1","1",0.804547203819075,0.689470955983774,17.5818452380952,25.9570837922928,468.5645088863,0.13087546303623,0.168123360210288,161.7
"355","mtca.au",21,3,"K","0","0","1",0.714873408735466,0.744411926655679,17.5818452380952,23.277480341743,456.538087368989,0.236498636118927,0.168123360210288,166.7
"356","mtca.au",23,3,"P","0","1","0",0.42720762523802,0.755615965965879,17.5818452380952,15.7671223431879,467.67812691325,0.138535395938524,0.168123360210288,196.1
"357","mtca.au",25,3,"NK","1","0","1",0.780960972437803,0.790236735141983,17.5818452380952,19.0919005246197,462.22300374666,0.186110181416515,0.168123360210288,115.3
"358","mtca.au",26,3,"N","1","0","0",0.597816269886665,0.759837932262863,17.5818452380952,13.3236118492632,462.120187410662,0.187014086472437,0.168123360210288,144.6
"359","mtca.au",27,3,"Control","0","0","0",0.623500123857361,0.763510955879482,17.5818452380952,20.8400888902998,463.55933955034,0.174386365414752,0.168123360210288,135.95
"360","mtca.au",28,3,"NP","1","1","0",0.335381556744898,0.773242002101439,17.5818452380952,14.3164635674863,439.549603907633,0.39226387906871,0.168123360210288,181.15
"361","mtca.au",29,3,"NPK","1","1","1",1.00738933717137,0.768535983092992,17.5818452380952,45.8499498174691,402.321530489077,0.764151332716097,0.168123360210288,260.95
"362","mtca.au",30,3,"PK","0","1","1",0.339069105113581,0.761185793563186,17.5818452380952,12.1696474727146,448.859968776658,0.305911567253354,0.168123360210288,163.7
"363","mtca.au",31,4,"K","0","0","1",1.25114322322362,0.717977994631643,17.5818452380952,38.7459990459506,457.576826692424,0.227228895245786,0.168123360210288,93.25
"364","mtca.au",32,4,"N","1","0","0",0.948467676137133,0.800097518142064,17.5818452380952,33.9494801823022,467.148230034754,0.143123961691935,0.168123360210288,147.65
"365","mtca.au",33,4,"NK","1","0","1",1.13466832055569,0.752464065847655,17.5818452380952,32.9750603096796,469.057124574403,0.126626771937466,0.168123360210288,97.25
"366","mtca.au",34,4,"PK","0","1","1",3.72996365598585,0.761975364276333,17.5818452380952,321.422432539467,451.626755073758,0.280715485523448,0.168123360210288,209.95
"367","mtca.au",35,4,"P","0","1","0",6.75223227338892,0.794977534799379,17.5818452380952,268.548762061938,453.012484971558,0.268174313188844,0.168123360210288,182.65
"368","mtca.au",36,4,"NPK","1","1","1",0.458047716563635,0.746411906596366,17.5818452380952,18.7644776646829,411.871980149598,0.664381553011837,0.168123360210288,353.5
"369","mtca.au",38,4,"Control","0","0","0",0.727835896868042,0.810076503358995,17.5818452380952,27.9739207201348,455.215573195462,0.248341977090766,0.168123360210288,148.2
"370","mtca.au",39,4,"NP","1","1","0",0.811928204228361,0.743836700724433,17.5818452380952,26.3491957932361,390.892765555325,0.88792018811365,0.168123360210288,272.95
"371","sage.us",12,2,"NPK","1","1","1",2.30426298345302,0.675772597182159,8.97986877705628,49.5529350783983,428.90375263749,0.265249138349594,1.14536162040821,99.05
"372","sage.us",13,2,"N","1","0","0",1.82487375681387,0.778542345841681,8.97986877705628,44.0391945716546,441.352154303488,0.148798311617576,1.14536162040821,159.25
"373","sage.us",14,2,"Control","0","0","0",3.05483664822775,0.730199025969079,8.97986877705628,56.4424480798925,446.762689892303,0.0995508752592928,1.14536162040821,54.3
"374","sage.us",17,2,"K","0","0","1",NA,0.747252908752044,8.97986877705628,44.6043165467626,445.824978676043,0.108028629437144,1.14536162040821,71.95
"375","sage.us",18,2,"NP","1","1","0",3.67304530363039,0.671666145558162,8.97986877705628,53.9174389216512,442.762437717753,0.13588403603274,1.14536162040821,87.45
"376","sage.us",19,2,"NK","1","0","1",1.99550388988574,0.745622665591545,8.97986877705628,51.7600741083835,429.149178021974,0.26290945738832,1.14536162040821,121.6
"377","sage.us",24,3,"NPK","1","1","1",1.77066457455931,0.789771709628436,8.97986877705628,50.2266784729789,360.602541255824,0.997517165164259,1.14536162040821,328.35
"378","sage.us",25,3,"P","0","1","0",1.12802950707862,0.74647720161925,8.97986877705628,29.8800548977589,407.57861384675,0.475738722596081,1.14536162040821,257.7
"379","sage.us",27,3,"NK","1","0","1",1.32740168267022,0.724247220584553,8.97986877705628,32.1286569649855,324.326682847279,1.4698618658853,1.14536162040821,293.15
"380","sage.us",29,3,"PK","0","1","1",1.30920624690464,0.747807899711893,8.97986877705628,32.6904564616837,369.519194922793,0.89149814981094,1.14536162040821,149.9
"381","sage.us",30,3,"N","1","0","0",1.86105941181146,0.739952816913455,8.97986877705628,50.09304779697,423.204455489401,0.320094836341077,1.14536162040821,77.65
"382","sgs.us",1,1,"NK","1","0","1",2.65060106413614,0.663576765387552,11.8059839466089,88.4932779831616,409.472845507718,0.153251202641226,0.344599965711968,118.2
"383","sgs.us",2,1,"NPK","1","1","1",2.51277793426967,0.602718100933076,11.8059839466089,94.9973853930626,407.409364670356,0.173738704238113,0.344599965711968,73.95
"384","sgs.us",4,1,"NP","1","1","0",2.83356427496059,0.6092084425596,11.8059839466089,99.263667505388,398.448680647303,0.264351509140185,0.344599965711968,99.55
"385","sgs.us",5,1,"P","0","1","0",2.64784081671943,0.641201369788196,11.8059839466089,107.260367294285,410.483724948056,0.143265071047559,0.344599965711968,87.1
"386","sgs.us",8,1,"Control","0","0","0",2.52770425222498,0.671042778090132,11.8059839466089,111.20418614888,420.436035534423,0.0466763969180444,0.344599965711968,66.3
"387","sgs.us",10,1,"N","1","0","0",3.47791993380736,0.627127259721958,11.8059839466089,114.255511916649,407.118615835068,0.176636635953769,0.344599965711968,91.15
"388","sgs.us",11,1,"PK","0","1","1",2.23755368539592,0.650432338468561,11.8059839466089,112.193329162093,421.37077721293,0.0377618355231932,0.344599965711968,75.8
"389","sgs.us",12,1,"K","0","0","1",2.49426736884589,0.64648582492703,11.8059839466089,116.696432430235,417.274155998388,0.077028433331755,0.344599965711968,57.95
"390","sgs.us",15,2,"NP","1","1","0",3.36914992222187,0.596863053342753,11.8059839466089,107.335341246807,405.176592664956,0.196064609584924,0.344599965711968,88.38
"391","sgs.us",18,2,"K","0","0","1",2.90784181232717,0.605894620763214,11.8059839466089,107.951209966734,418.37114827946,0.066463271906917,0.344599965711968,53.45
"392","sgs.us",19,2,"Control","0","0","0",3.09509833497383,0.67758830342958,11.8059839466089,127.87239794867,404.422745093935,0.203639844127256,0.344599965711968,96.75
"393","sgs.us",23,2,"N","1","0","0",2.51771589039011,0.587644301560931,11.8059839466089,92.5858111553466,402.334791315119,0.22472072464363,0.344599965711968,45.995
"394","sgs.us",25,2,"NK","1","0","1",3.40960557109318,0.618580074576666,11.8059839466089,109.923716104154,407.538054701947,0.172456920501829,0.344599965711968,133.5
"395","sgs.us",26,2,"PK","0","1","1",2.05023673841153,0.650649384443907,11.8059839466089,111.050471015352,410.860840580695,0.139548120345223,0.344599965711968,80.65
"396","sgs.us",27,2,"P","0","1","0",2.59270021034823,0.576154229777228,11.8059839466089,99.9700089973008,400.136692973596,0.247073373178728,0.344599965711968,97.7
"397","sgs.us",28,2,"NPK","1","1","1",3.22042086413909,0.591220866298298,11.8059839466089,106.871482827704,406.387798007639,0.183933085675114,0.344599965711968,63.75
"398","sgs.us",30,3,"NP","1","1","0",3.16725775085319,0.632946034619661,11.8059839466089,102.99648033599,370.448606974429,0.56624704783526,0.344599965711968,104.17
"399","sgs.us",31,3,"NK","1","0","1",3.86635403968717,0.635619862247437,11.8059839466089,108.715908744405,389.24908724272,0.360284234434258,0.344599965711968,40.275
"400","sgs.us",32,3,"K","0","0","1",2.32945874313598,0.607500262343566,11.8059839466089,100.019727074198,414.514025707497,0.103776504176549,0.344599965711968,67.38
"401","sgs.us",33,3,"PK","0","1","1",1.86059200517769,0.63471764597843,11.8059839466089,105.542425985787,408.596195193251,0.161938152506131,0.344599965711968,98.8
"402","sgs.us",34,3,"NPK","1","1","1",2.63821842321668,0.594811211158981,11.8059839466089,93.2888771523694,397.844659252652,0.270558132185091,0.344599965711968,147.4
"403","sgs.us",36,3,"P","0","1","0",2.06320432632468,0.65520485514653,11.8059839466089,105.881238018057,408.899106088137,0.158933705566125,0.344599965711968,75.2
"404","sgs.us",38,3,"Control","0","0","0",2.51191398881239,0.642523298794513,11.8059839466089,90.76523862445,393.94449922936,0.310942635130864,0.344599965711968,99.36
"405","sgs.us",41,3,"N","1","0","0",3.39194022839392,0.599062676022416,11.8059839466089,104.196898269336,404.281332205487,0.205062983596032,0.344599965711968,86.9
"406","sier.us",12,2,"NP","1","1","0",2.30907392519137,0.808210957529498,15.3940476190476,78.8496976757377,257.684768189846,2.48273505662075,0.908532510640004,402.1
"407","sier.us",13,2,"Control","0","0","0",2.20209404645568,0.772944289101523,15.3940476190476,86.5667620700681,224.487732185691,3.19825806376388,0.908532510640004,388.85
"408","sier.us",14,2,"K","0","0","1",1.96912122955968,0.752938629969055,15.3940476190476,83.4389162780287,291.859551091656,1.87666211420976,0.908532510640004,230.75
"409","sier.us",15,2,"NK","1","0","1",1.60475568830372,0.745072411673807,15.3940476190476,72.9902352230027,203.510842814502,3.73987423732823,0.908532510640004,342.15
"410","sier.us",16,2,"P","0","1","0",1.6146680167956,0.787313158554561,15.3940476190476,76.339560033637,259.054536983405,2.45620243246015,0.908532510640004,307.5
"411","sier.us",18,2,"PK","0","1","1",2.04083416791038,0.815198309416194,15.3940476190476,79.3863521893327,257.907064613232,2.47841492650955,0.908532510640004,371.45
"412","sier.us",19,2,"N","1","0","0",3.28518890866488,0.79367865871012,15.3940476190476,93.1894418316678,NA,NA,0.908532510640004,281.25
"413","sier.us",20,2,"NPK","1","1","1",2.08420277938183,0.784258715377446,15.3940476190476,99.2571031495456,250.263362874566,2.6302247378599,0.908532510640004,490
"414","sier.us",21,3,"K","0","0","1",1.02221830648343,0.842655297385882,15.3940476190476,49.4999318243134,355.57406987795,0.981168258478239,0.908532510640004,97.9
"415","sier.us",22,3,"P","0","1","0",2.08821678931046,0.78583610301895,15.3940476190476,75.6494334237632,284.723027378461,1.99438281426414,0.908532510640004,212.75
"416","sier.us",23,3,"NPK","1","1","1",2.63272377397898,0.729638567734901,15.3940476190476,78.1379248448403,303.458602586793,1.69394324632685,0.908532510640004,190.45
"417","sier.us",24,3,"NK","1","0","1",1.97275394328556,0.801463364297959,15.3940476190476,64.2428037661694,314.964533828268,1.52233055744223,0.908532510640004,86.55
"418","sier.us",25,3,"PK","0","1","1",0.84076993302963,0.759444578288066,15.3940476190476,51.5958862959513,281.726848106854,2.04509161453279,0.908532510640004,223
"419","sier.us",27,3,"Control","0","0","0",1.25541571996731,0.837061182213344,15.3940476190476,48.3514427678825,289.762044305726,1.91082515718453,0.908532510640004,194.9
"420","sier.us",28,3,"NP","1","1","0",2.0112778241361,0.817252166691098,15.3940476190476,52.6623042193428,317.405290057475,1.48707296969257,0.908532510640004,218.95
"421","sier.us",30,3,"N","1","0","0",1.59433027263366,0.807212949334458,15.3940476190476,49.4612537784362,369.535434295941,0.814701706439387,0.908532510640004,70.85
"422","sier.us",31,4,"NK","1","0","1",4.20819529272933,0.754991935794097,15.3940476190476,74.4755427919348,183.936678200435,4.33072603666668,0.908532510640004,124.25
"423","sier.us",32,4,"P","0","1","0",3.07312789674864,0.748367880123244,15.3940476190476,71.7912482207529,247.73907090938,2.68188822011769,0.908532510640004,299.6
"424","sier.us",33,4,"PK","0","1","1",2.29931232709251,0.783226768833642,15.3940476190476,84.1551110888199,213.360386901942,3.47528593054187,0.908532510640004,253.05
"425","sier.us",34,4,"Control","0","0","0",2.7346814372971,0.747794770285794,15.3940476190476,85.72052268812,282.926698640659,2.02469095817838,0.908532510640004,324.55
"426","sier.us",35,4,"K","0","0","1",1.94733318355421,0.77983108667831,15.3940476190476,67.1010262081682,249.205158558308,2.65178715787475,0.908532510640004,161.05
"427","smith.us",1,1,"PK","0","1","1",9.98877074055905,0.812571955388273,10.1559253246753,674.80472198545,191.643708740094,1.93961931823258,3.27507239542732,306.047
"428","smith.us",2,1,"N","1","0","0",12.85130504791,0.760540620520629,10.1559253246753,717.938000361957,176.359900478463,2.34262227715392,3.27507239542732,353.444
"429","smith.us",3,1,"NK","1","0","1",20.3719688912646,0.720174233077307,10.1559253246753,877.580505331493,200.190705958283,1.73405928513184,3.27507239542732,331.909
"430","smith.us",4,1,"NP","1","1","0",16.7278860870196,0.778458390118007,10.1559253246753,831.739141475861,216.408410931621,1.37660795690185,3.27507239542732,652.406
"431","smith.us",6,1,"Control","0","0","0",10.0393803137727,0.780657428625567,10.1559253246753,774.813435233315,227.696208419795,1.14948102913292,3.27507239542732,248.422
"432","smith.us",7,1,"NPK","1","1","1",18.0637939955505,0.798003232872838,10.1559253246753,978.797875440039,217.331248150809,1.3574176115293,3.27507239542732,604.834
"433","smith.us",9,1,"K","0","0","1",15.7944858528493,0.788141256697848,10.1559253246753,870.566090167182,220.996826575996,1.2823137679483,3.27507239542732,210.212
"434","smith.us",10,1,"P","0","1","0",10.3733463419813,0.759854638883797,10.1559253246753,941.672036066412,228.990299752573,1.12445308809221,3.27507239542732,366.672
"435","smith.us",11,2,"Control","0","0","0",15.5523173451636,0.796329842758549,10.1559253246753,1061.95587344804,226.361094575157,1.1755120197145,3.27507239542732,446.204
"436","smith.us",12,2,"NP","1","1","0",20.8775909652752,0.759192266975573,10.1559253246753,1059.8391256163,201.61068806992,1.70113061403311,3.27507239542732,351.209
"437","smith.us",13,2,"NPK","1","1","1",16.8990644161863,0.79060690387319,10.1559253246753,949.557535762922,205.912369819008,1.60337280476157,3.27507239542732,867.585
"438","smith.us",14,2,"NK","1","0","1",25.3000463061743,0.749992190298843,10.1559253246753,1150.35406844202,243.624700116641,0.854487661158948,3.27507239542732,341.718
"439","smith.us",15,2,"PK","0","1","1",23.7616658370102,0.761930313154344,10.1559253246753,1092.48018876551,223.078867997102,1.2404321893168,3.27507239542732,461.244
"440","smith.us",17,2,"K","0","0","1",23.9212999850539,0.75540555893256,10.1559253246753,1243.74381492767,229.197024958249,1.12047332142475,3.27507239542732,440.129
"441","smith.us",18,2,"P","0","1","0",22.1916919456472,0.770203395075255,10.1559253246753,830.518792462982,238.836366778873,0.940283230922609,3.27507239542732,580.308
"442","smith.us",19,2,"N","1","0","0",11.7089351627986,0.804322503103687,10.1559253246753,477.511101738389,217.737336869639,1.34900947831841,3.27507239542732,300.733
"443","smith.us",21,3,"K","0","0","1",16.5987531279372,0.799829355899124,10.1559253246753,899.448476699545,231.52986026335,1.07590784282301,3.27507239542732,190.024
"444","smith.us",22,3,"NP","1","1","0",16.9861613364867,0.76775524139393,10.1559253246753,884.975953964175,271.119780824717,0.40315366701899,3.27507239542732,591.848
"445","smith.us",23,3,"NK","1","0","1",25.0623471730032,0.769365056946376,10.1559253246753,882.765306133234,197.557087167658,1.79602950029598,3.27507239542732,322.424
"446","smith.us",24,3,"Control","0","0","0",12.4516629400766,0.764103553326927,10.1559253246753,939.036523915178,237.867210108533,0.957938768703509,3.27507239542732,282.058
"447","smith.us",25,3,"NPK","1","1","1",27.9495532555754,0.72435318890474,10.1559253246753,1024.25141339493,230.609038348843,1.09342355664105,3.27507239542732,626.709
"448","smith.us",27,3,"N","1","0","0",20.193242501718,0.77349265897466,10.1559253246753,1043.60997740415,219.335125669039,1.31614078713363,3.27507239542732,361.061
"449","smith.us",29,3,"PK","0","1","1",9.94815224162194,0.801575812726649,10.1559253246753,780.21808614463,229.672493704186,1.11133886724433,3.27507239542732,203.439
"450","smith.us",30,3,"P","0","1","0",15.7566476696677,0.775393883233573,10.1559253246753,1111.93495770039,218.309076369276,1.3372090006759,3.27507239542732,262.437
"451","summ.za",2,1,"K","0","0","1",20.3530862872026,0.731929794343863,19.4514880952381,927.512808133998,299.428938244812,1.6042321096134,0.654753384915442,383.925
"452","summ.za",3,1,"N","1","0","0",0.845644560294479,0.738348452422795,19.4514880952381,50.2434349033497,216.220965857759,3.22394037469742,0.654753384915442,592.325
"453","summ.za",4,1,"NPK","1","1","1",9.32503474192542,0.738627487652532,19.4514880952381,761.949303152184,219.603210945685,3.14064462572179,0.654753384915442,464.475
"454","summ.za",5,1,"PK","0","1","1",6.47245232110601,0.710462324049871,19.4514880952381,677.243880326383,235.062150819884,2.78343544201435,0.654753384915442,266.725
"455","summ.za",7,1,"NK","1","0","1",15.7306396971547,0.733270464752099,19.4514880952381,745.993926437172,186.641109659453,4.04974112634253,0.654753384915442,513.075
"456","summ.za",9,1,"Control","0","0","0",91.2785674784322,0.801177804245896,19.4514880952381,7302.29815604706,264.829363987937,2.18587572426571,0.654753384915442,347.975
"457","summ.za",12,2,"N","1","0","0",121.46362387949,0.665730622836864,19.4514880952381,6628.71899323489,223.563397646509,3.04557277742886,0.654753384915442,417.375
"458","summ.za",14,2,"NK","1","0","1",16.4451235149489,0.746767531734899,19.4514880952381,900.567107750473,255.659698532305,2.35891175591189,0.654753384915442,659.425
"459","summ.za",17,2,"NP","1","1","0",30.3200127341239,0.763149535485292,19.4514880952381,813.254994124559,250.592969485104,2.45850426441146,0.654753384915442,460.875
"460","summ.za",18,2,"Control","0","0","0",14.1042280607394,0.724261653799655,19.4514880952381,928.359317000742,287.518560119422,1.79299358488261,0.654753384915442,257.475
"461","summ.za",23,3,"NK","1","0","1",111.411131341632,0.712459684765916,19.4514880952381,6845.19020802207,219.140661952989,3.1519197474445,0.654753384915442,449.575
"462","summ.za",24,3,"NP","1","1","0",16.43725419858,0.781430823004852,19.4514880952381,760.223681859459,199.571872254036,3.66525345973536,0.654753384915442,588.475
"463","summ.za",25,3,"P","0","1","0",59.3938798548787,0.721044715664065,19.4514880952381,3705.46841739479,312.658330105768,1.40675317133787,0.654753384915442,359.775
"464","summ.za",26,3,"Control","0","0","0",136.169357962055,0.699596062169519,19.4514880952381,8607.88421253095,350.805899314563,0.897664611327178,0.654753384915442,394.025
"465","summ.za",27,3,"N","1","0","0",181.604670820844,0.705864421039095,19.4514880952381,10586.665554768,270.176197567787,2.08898275035008,0.654753384915442,368.875
"466","summ.za",28,3,"K","0","0","1",17.6738450581675,0.757237613555628,19.4514880952381,700.719712115154,245.85760548984,2.55432219990178,0.654753384915442,420.8
"467","summ.za",29,3,"PK","0","1","1",25.5459245374056,0.761566664641902,19.4514880952381,736.656891495601,252.002526501241,2.43050028051092,0.654753384915442,496.725
